"Sex","Age","NOTE","LHML","LHEB","LHHD","LHMLD","LHAPD","RHML","RHEB","RHHD","RHMLD","RHAPD","LRML","LRMLD","LRAPD","RRML","RRMLD","RRAPD","LFML","LFBL","LFEB","LFAB","LFHD","LFMLD","LFAPD","RFML","RFBL","RFEB","RFAB","RFHD","RFMLD","RFAPD","LTML","LTPB","LTMLD","LTAPD","RTML","RTPB","RTMLD","RTAPD","BIB","LIBL","RIBL","LAcH","RAcH","Brachial","Crural","IL UL/LL","IL LL/UL","CBR FHD","McH FHD","GRINE FHD","AVG FHD"
0,52,1,294.5,61,43.47,19.96,22.35,295,62,43.2,20.24,22.82,220,16.86,11.36,216,16.04,10.13,416,411,79.5,69.78,43.63,27.92,24.85,416,410.5,80,70.05,44,29.26,25.49,336,74,21.96,27.99,340.5,75,23.67,27.02,248,144,145,51.03,51.21,0.739609839,0.813100962,0.679814385,1.470989761,58.6772235,58.201785,62.87242,59.91714283
0,37,1,336,61,47.01,20.32,21.82,342,63,47.38,21.43,23.53,244,15.71,13.35,246.5,17.3,14.35,465,460,84,74.55,48.81,30.82,29.6,463.5,459,84.5,74.48,48.46,29.97,28.72,382,78.5,25.34,29.31,379,77.5,25.96,26.76,297.5,165,161,54.83,54.02,0.723451327,0.819601508,0.691624741,1.445870774,70.5676815,68.993765,73.80418,71.1218755
0,49,1,345.5,63.5,47.48,22.14,24.38,347,65,46.9,20.7,25.45,250.5,19.67,15.68,246,19.1,14.87,454,451.5,79,70.71,46.6,29.3,30.38,439.5,436,81,71.03,46.08,27.95,31.33,381,75,28.58,33.82,383,76,25.53,29.52,255,160,155,52.89,51.18,0.716967509,0.855064354,0.7173454,1.394028595,64.906146,63.85526,68.59912,65.786842
0,45,1,326,61.5,46.31,20.92,20.1,326.5,62,45.91,19.45,21.65,234,14.94,13.14,237,16.84,12.86,439,435,79,68.85,45.85,30.62,26.06,442,439,80,69.07,46.27,29.42,26.84,349,71,22.74,27.91,349,70.5,24.71,26.49,255,151,150,51.46,51.67,0.72183908,0.792281498,0.711526282,1.405429462,64.215414,63.22834,67.96408,65.13594467
0,34,1,350,63,49.24,20.65,21.14,351,64.5,48.86,20.32,23.45,261.5,15.7,12.7,265,16.44,13.06,468,464,84,74.04,47.14,26.58,27.66,460.5,457,84,73.04,46.6,28.17,28.9,382,74,24.02,27.46,375,73,24.66,26.59,260.5,156,157,52.1,51.84,0.7510699,0.815293484,0.728270543,1.37311609,66.213603,65.04193,69.80116,67.01889767
0,45,1,322,61,44.88,18.49,21.14,326,60.5,46.11,18.17,20.67,239,14.35,11.89,241,13.53,12.21,434,431.5,80,68.47,46.03,24.94,29.09,432.5,430,79,69.77,46.02,24.2,29.03,335,71,21.69,25.8,335,72.5,23.06,22.42,245.5,153,154,50.5,50.24,0.740740741,0.77322562,0.734136023,1.36214539,64.1290725,63.149975,67.8847,65.0545825
1,23,1,274,50,37.18,17.89,17.45,278,50.5,38.73,19.27,20.31,190.5,12.48,9.16,196,12.28,9.53,401,392,67.5,59.45,39.07,21.86,24.73,394,387,68,60.09,40.17,22,25.02,298.5,63,18.46,24.38,295,64,20.21,22.75,232,146,145,44.18,45.96,0.700181159,0.746540881,0.675909255,1.479488546,54.916308,48.80918,53.35816,52.361216
1,62,1,276,58,40.43,16.46,18.49,280,59,39.91,17.13,19.34,206,14.28,10.36,204.5,13.1,9.64,405,401,74,65.64,39.08,28.3,24.76,398,395,75,62.87,39.38,28.19,25.45,326,66,20.18,26.56,322,69,21.77,25.3,262,155,151,45.64,45.84,0.738309353,0.806973848,0.66609235,1.501293326,54.064782,47.93597,52.47364,51.491464
0,34,1,308,65,45.92,19.11,19.65,310.5,65,46.11,19.2,20.61,246,14.89,12.07,247,15.35,11.53,430,427,80,70.74,44.64,25.94,26.66,423,420.5,80.5,70.21,45.23,26.18,25.7,355,74,22.75,25.14,357,73,23.44,24.14,270,153,152,48.1,49.11,0.797089733,0.834701055,0.710223642,1.408007197,61.4401515,60.709465,65.41258,62.52073217
0,26,1,299,59,42.32,18.53,20.99,308,61,43.98,19.35,22.06,227,14.2,11.24,228.5,13.99,12.27,436,430,77,67.07,44.09,26.46,25.69,426,423,76.5,67.81,42.91,25.13,26.17,328,70,19.29,25.6,328,70.5,22.12,23.34,255,143,143,50.05,49.2,0.750411862,0.761020882,0.699934124,1.428705882,57.90015,57.4965,62.158,59.18488333
0,22,1,338,66,47.56,21.83,21.37,345,66,47.1,22,22.33,259,16.09,12.7,263,16.2,11.78,495,488,89,78.91,53.52,27.26,32.48,489,484,89,77.29,54.02,27.52,31.47,392,81,24.93,29.13,390,81,28.08,27.97,301,173,171,57.82,61.11,0.764275256,0.794715447,0.682332956,1.465560166,83.235213,80.49103,85.45036,83.05886767
0,35,1,322,61,45.56,19.75,20.67,328,63,46.84,18.45,22.33,248,15.05,11.29,245.5,15.2,11.89,446.5,444,84,72.82,46.54,29.28,26.47,449,445,85.5,75.3,45.76,28.23,25.75,365,77,22.52,26.6,368,77,22.93,25.4,275,164,161,52.14,51.68,0.759230769,0.81853713,0.70217992,1.424136423,64.437435,63.42985,68.1682,65.34516167
0,22,1,332.5,59.5,48.46,23.4,22.45,336,60,48.77,23.01,23.56,243.5,16.71,13.46,253.5,17.17,13.3,477.5,471.5,86,75.37,48.55,28.34,31.12,479,473,85.5,74.2,49.33,27.08,30.7,394,77,24.23,30.25,393,76,23.94,28.61,254,162,162,54.58,56.71,0.743455497,0.822791427,0.668482937,1.495924496,71.320086,69.67666,74.49592,71.83088867
0,47,1,346,69,51.21,24.52,22.97,352,70.5,52.41,24.08,23.52,248,17.92,13.21,251,16.34,13.21,470,464,85,74.78,49.9,31.1,30.2,465,459,84,74.17,51.12,32.28,30.33,373,79,24.13,29.49,373,80.5,25.39,27.89,293,173,172,54.7,56.79,0.714899713,0.797860963,0.712076145,1.404344194,75.193119,73.19189,78.05668,75.480563
0,50,1,336,61,46.34,20.72,21.35,346,64,49.26,20.68,22.29,253.5,17.09,13.63,253,17.84,13.35,472,468,84,74.07,49.65,29.28,29.34,474.5,468,84,74.54,48.72,28.84,31.11,379,79,24.09,28.15,383,79,23.38,26.36,294,164,170,52.48,52.59,0.742668622,0.805071315,0.69563945,1.437526294,71.9244765,70.225215,75.05158,72.40042383
1,25,1,296,56,41.51,19.47,20.74,299,55,41.14,19.54,22.22,213,15.53,11.21,214.5,15.38,10.96,410,403,73.5,63.46,42.1,25.18,25.39,411,406,73,63.55,43.21,23.73,25.72,321,67,21.2,25.36,321,67,21.44,25.5,246.5,153,150,47.09,48.81,0.718487395,0.781973203,0.698906357,1.430806846,61.542927,55.604545,60.24154,59.12967067
0,29,1,350,62.5,48.75,22.93,20.81,350,64,48.14,24.09,23.16,249,16.25,12.67,253,15.64,12.49,468,466,78.5,68.98,48.72,28.73,28.17,465,462.5,80,69.91,49.36,28.93,29.36,378.5,74,22.79,27.25,377,74,22.89,25.11,281,158.5,156,55.25,55.08,0.717142857,0.809753483,0.711874445,1.404742097,71.566776,69.90056,74.72272,72.063352
1,43,1,250.5,51,39.73,17.57,17.13,255,52,39.49,17.59,17.44,186,12.9,9.48,186,10.87,9.24,349,348,67,57.58,38.3,25.68,21.26,342,341,67.5,57.34,37.99,26.58,22.29,290,63,20.16,22.69,292,64,22.13,22.03,254,150,151,41.12,43.28,0.735905045,0.842257598,0.689316575,1.450712251,51.695793,45.506655,50.01286,49.07176933
0,36,1,326,62,46.45,19.95,22.61,327,64,47.97,20.47,23.13,243,16.01,12.81,245,15.8,12.32,455,453,84,74.33,48.13,31.68,28.64,451,447,84,74.42,48.47,32.2,28.48,369,76.5,27.3,30.27,372,77,26.41,28.91,282,162,161,53.78,53.38,0.747320061,0.817880795,0.692774742,1.44347064,69.74127,68.2437,73.0444,70.34312333
1,33,1,310,49,41.09,16.76,16.27,311,49,40.7,16.65,17.26,230,12.81,9.89,231.5,13.33,10,436.5,433,72,63.63,43.02,25.07,24.39,440,432,71,62.09,42.83,23.18,24.55,356,67,18.26,21.77,350,68.5,18.51,21.46,272,162,161,48.3,47.36,0.7431562,0.805476326,0.684044234,1.461893764,62.132445,56.209075,60.8539,59.73180667
0,72,2,318,65,52.11,22.79,21.38,319,66,52.35,24.46,23.02,241.5,16.03,12.78,242,16.06,13.37,453,448.5,87,76.47,54.58,29.04,27.96,451.5,445,88.5,78.1,55.03,28.45,28.55,357,80,28.33,29.92,359,80,26.35,27.48,280.5,162,161,58.67,59.28,0.759026688,0.791597568,0.691453255,1.446229362,85.7884545,82.808395,87.79774,85.46486317
0,37,2,337,66,51.13,24.03,24.13,340,67,50.46,24.69,24.36,253,16.34,13.1,255,16.41,12.68,476,473.5,85,75.6,46.88,29.43,28.87,473,469,85,74.35,48.86,28.15,29.95,395,80,23.28,28.34,399.5,80,24.86,28.87,283,168,166,53.05,53.56,0.750369276,0.83719705,0.679667336,1.471308017,68.680503,67.28093,72.06916,69.343531
0,48,2,326,68.5,47.63,20.26,23.38,333,67.5,47.14,20.03,23.87,249,16.94,14.04,252,16.87,13.45,459,456,84.5,73.48,47.08,29.31,27.97,460,456.5,87,75.08,47.83,29.27,27.45,372,76,23.54,28.89,384,75,25.67,28.15,254.5,163,164,53,53.05,0.760242792,0.822633297,0.692537313,1.443965517,67.6567395,66.351745,71.12794,68.37880817
0,51,2,285,62,48.04,23.61,22.64,293,65,47.79,23.49,24.35,213.5,15.97,12.08,214,16.38,12.07,411.5,409,86,74.38,47.27,27.63,28.48,409,403,86.5,75.47,47.3,27.64,28.58,333,75.5,22.29,27.18,331,76,23.78,25.63,273.5,162,161,52.2,52.92,0.739619377,0.809262645,0.677332435,1.47637991,67.2373665,65.971115,70.74238,67.9836205
0,37,2,324.5,63,48.34,20.66,21.4,326,66,48.54,20.43,23.29,239,15.66,11.98,242.5,15.51,11.79,427,422.5,85,74.52,47.18,29.59,26.31,425,421,85,73.39,47.8,29.63,25.8,359,75.5,22.66,27,361,75,22.6,26.76,277,172,171,52.34,52.26,0.740199846,0.845070423,0.720101781,1.38869258,67.743081,66.43011,71.20732,68.46017033
0,40,2,316.5,62,46.14,20.6,21.14,321.5,61,45.25,19.59,22.62,229,13.76,12.18,231,13.44,11.4,408,404,79,69.13,44.83,30.75,22.74,408,405,78,67.78,45.5,30.42,26.22,350,71,21.07,26.89,348,72,23.49,26.34,268.5,152,151,48.74,49.15,0.721003135,0.855392157,0.725231176,1.378870674,62.0075385,61.224435,65.93422,63.05539783
0,50,2,343.5,69,53.29,21.06,25.32,348.5,72,52.53,21.23,26.23,257.5,18.04,13.37,253,16.22,14.37,468,462,89,78.59,52.17,31.79,32.52,464.5,459.5,90,79.9,51.2,31.47,30.96,370.5,81,28.62,30.36,372,82,29.47,29.84,295,174,171,57.46,55.54,0.737716763,0.796246649,0.717910448,1.392931393,78.0917265,75.822715,80.72158,78.21200717
0,47,2,331.5,64,46.96,21.96,24.04,337,64,46.71,20.38,24.07,242,17.03,12.8,242,17.26,13.75,470,466,80,71.77,45.08,29.58,29.84,466,463,80,71.84,45.67,29.45,31.76,381,76,24.98,30.83,372,74.5,25.66,27.82,275,163,165,51.5,51.58,0.724008975,0.804487179,0.682356424,1.465509761,62.5255875,61.694625,66.4105,63.54357083
0,29,2,376,64,49.79,21.84,21.44,383,65.5,51.43,22.05,23.61,272,16.34,14.07,270.5,17.2,13.99,531,530,87,78.17,51.26,32.09,29.31,532.5,531,88,78.16,51.59,31.8,30.5,441,81,25.21,30.58,443,81.5,26.18,30.42,287,166,164,55.7,55.6,0.714756258,0.831217677,0.668292683,1.496350365,77.4503325,75.240575,80.1319,77.6076025
0,54,2,323.5,67.5,47.92,19.36,20.91,327,68,48.42,20.19,22.17,236,14.77,11.18,237.5,14.77,11.8,463,457.5,87.5,76.26,47.98,28.4,26.89,462,455,87,75.57,48.14,27.49,27.62,377,78,22.3,26.97,375,77.5,21.57,25.26,269,162,161,53.42,54.82,0.727901614,0.812972973,0.670244484,1.491992883,69.149214,67.70634,72.50008,69.78521133
0,45,2,325,62,39.47,23.54,22.23,343,66,45.41,24.02,24.64,248,16.06,12.68,248,15.75,14.07,469,466,82,73.33,48.66,28.75,28.55,468,463,83,73.32,48.74,28.84,29.59,390,79,25.48,29.59,390,77,24.86,26.87,299,166,166,55.94,54.75,0.74251497,0.83244397,0.677926616,1.475085911,70.72803,69.1393,73.9516,71.27297667
0,40,2,296,61,44.47,19.4,21.01,303,62,44.42,19.78,21.13,221,15.92,12.43,228,16.95,12.69,413,406,78,67.06,44.89,27.9,28.05,413,410,79,67.93,43.94,27.21,28.26,324,72,22.41,27.73,326,70.5,23.71,25.01,265,147,151,49.91,47.54,0.749582638,0.786924939,0.7100271,1.408396947,60.1573635,59.545185,64.23322,61.31192283
0,50,2,335,65,48.51,20.49,20.87,339,66,49.4,20.43,22.1,257.5,15.85,11.92,259,14.74,11.95,457,454.5,84.5,74.55,48.95,29.97,27.89,451,448.5,84.5,73.7,49.96,30.53,27.71,396,77,21.57,28.05,397,77.5,24.17,25.8,294,173,170,55.84,54.71,0.766320475,0.873348018,0.699882422,1.428811424,72.5905395,70.829745,75.66394,73.02807483
0,55,2,334.5,64.5,48.38,21.53,21.3,335.5,67,50.7,23.68,22.86,248,16.83,12.81,254,18.72,13.53,441,439,83,73.41,46.23,27.56,30.81,448,442,83,73.39,47.02,27.86,31.01,368,75,23.59,30.08,368,73,24.25,28.78,281,160,162,51.45,50.77,0.749253731,0.827896513,0.721230769,1.386518771,65.6092125,64.493375,69.2455,66.4493625
0,50,2,315,62,48.29,21.41,20.78,319,64,48,19.89,22.27,228,17.95,11.82,225.5,17.24,11.96,431,429,84,71.95,46.24,26.7,28.97,431,427.5,84,71.88,46.76,25.29,28.43,335.5,75,22.46,26.51,337,73,23.05,23.6,252,149,151,51.07,52.56,0.715299685,0.780162413,0.708699902,1.411034483,65.30085,64.2135,68.962,66.15878333
0,55,2,315.5,62,48.77,20.96,21.13,323,64.5,49.41,21.08,22.36,229.5,17.02,11.37,231.5,16.52,12.29,442,436,86,74.67,49.98,27.07,26.98,446.5,441,87,74.74,50.24,27.23,27.25,366,76,23.24,26.24,367,77.5,22.81,25.08,269.5,161,163,55.56,55.08,0.722004699,0.824985931,0.678075856,1.474761255,74.206359,72.29629,77.14948,74.55070967
1,69,2,309.5,55,42.43,17.85,19.25,313,57,43.24,17.81,20.75,209,14.6,9.93,213,15.48,9.97,438,433,76,67.4,42.63,25.14,22.38,433.5,430,76,65.83,42.48,26.44,24.6,333,67,18.74,23.48,331,66,20.65,22.12,293.5,170,173,47.33,46.7,0.677911647,0.761904762,0.680234451,1.470081379,61.324587,55.380645,60.01474,58.90665733
1,52,2,271,56,41.18,21.29,18.65,273,57,40.6,20.42,19.81,195,13.65,11.04,199,14.61,10.07,359,357.5,72,60.84,40.07,26.43,30.71,365,364,72,62.62,40.14,27.49,28.44,305,66,18.63,24.35,304,66,19.89,24.46,270,142,145,43.77,42.99,0.724264706,0.841160221,0.703675919,1.421108742,55.975257,49.895095,54.45814,53.44283067
0,55,2,316,63,51.35,22.91,23.61,324,64,50.46,22.28,24.43,246,17.42,13.37,248,16.65,14.05,455,449,90,78.29,52.82,28.64,28.75,447,441,90,78.87,54.34,28.18,28.13,358,81,23.61,25.43,360,82,24.1,24.8,294,167,167,58.66,57.41,0.771875,0.796008869,0.7,1.428571429,82.766502,80.06562,85.01944,82.61718733
0,48,3,323,58,44.52,18.87,19.97,327,59,44.07,18.44,20.91,222.5,15.9,11.2,232.5,16.15,11.12,438,434,77,66.17,44.43,27.03,22.44,435,431,77,66.68,43.36,26.61,22.76,355,70.5,20.62,23.79,359,70,21.87,21.75,238.5,146,147,49.63,48.32,0.7,0.817869416,0.696282294,1.436199095,58.8745755,58.380905,63.05386,60.1031135
0,54,3,333.5,62,47.23,21.19,26.36,344,63,47.5,22.36,26.98,262.5,15.25,14.32,265,17.68,14.14,482,480,80.5,71.59,45.56,28.99,31.08,476,472,81,71.59,46.83,28.53,31.53,380,76,27.26,31.27,375,77,27.67,30.25,269,163,159,50.77,51.74,0.778597786,0.788100209,0.70344425,1.421576763,64.5484455,63.530605,68.27026,65.44977017
0,44,3,310.5,63,51.54,23.58,21.48,316,64,52.78,22.36,22.59,236,14.2,11.76,239,17,11.4,437.5,433,80.5,71.78,49.41,29.77,26.2,445,439,79,69.9,47.4,28.46,27.1,337,75,23.63,25.9,338,73,22.79,24.08,256,164,161,53.99,51.9,0.758180367,0.764872521,0.707223114,1.413980935,70.0002945,68.478795,73.28254,70.58720983
0,27,3,352,64,49.01,26.05,24.01,359.5,64,49.98,25.98,25,256,19.67,13.6,258,19.39,13.84,485.5,477,82,72.58,48.89,29.76,28.37,479,475,82.5,73.19,48.49,28.4,29.33,374,76,24.49,26,375,76,26.19,25.67,284,173,178,54.69,54.06,0.722417428,0.77656817,0.715202801,1.398204814,70.703361,69.11691,73.92892,71.24973033
0,42,3,340,65,48.85,21.14,20.22,341,67,48.68,20.96,21.67,245,15.23,13.27,251,16.22,13.45,466,463,84,74.17,46.87,29.12,26.12,462,458,85,74.06,46.39,28.09,25.96,358,75,24.14,27.72,352,74,24.13,26.3,276,170,168,53.18,51.53,0.728340675,0.765086207,0.718559219,1.391673747,65.621547,64.50457,69.25684,66.46098567
0,39,3,313,61,47.35,21.4,21.34,324,61,48.84,21.49,22.81,234,17.19,12.26,237,15.53,11.92,435,429,81.5,70.97,46.26,26.06,24.74,432.5,425,82,71.3,46.22,25.12,26.46,330,72,22.53,25.95,333,72,21.85,26.28,246,153,155,52.04,51.78,0.739403454,0.76426513,0.723946423,1.38131769,64.659456,63.63136,68.37232,65.55437867
0,50,3,305,60.5,44.9,18.91,19.99,310,61,44.55,19.4,21.14,222,14.05,11.93,223,14.42,12.11,424,422.5,82,71.95,48.68,29.16,27.13,419,417.5,81,70.76,48.17,30.69,27.93,331,74,22.63,28.52,326,72.5,22.73,25.43,272,152,151,54.55,52.37,0.723577236,0.779359431,0.706666667,1.41509434,70.0496325,68.523575,73.3279,70.6337025
0,47,3,331,68.5,45.98,21.36,23.14,331,67,47.08,22.07,23.93,243,16.47,12.16,252,16.86,12.14,451,447,85,73.58,46.7,29.6,28.64,450.5,445.5,84.5,73.75,46.82,29.5,28.64,374.5,74.5,24.19,30.29,372,77,24.16,28.79,268,167,169,52.65,53.52,0.747734139,0.828064337,0.702063107,1.424373379,65.942244,64.79564,69.55168,66.763188
0,45,3,299,55,43.59,20.55,24.34,297,57,44.64,20.84,26.01,221,15.96,11.83,223,17.78,12.53,409,408,74,63.65,41.99,27.8,24.74,403,400.5,84.5,74,42.1,26.68,25.6,328,70,21.65,25.09,327,70,22.67,24.87,247.5,147,146,48.08,47.53,0.744966443,0.806650246,0.708929789,1.410576923,54.3108105,54.238755,58.85806,55.80254183
0,46,3,309,64,45.62,21.4,21.22,311,66,45.78,20.83,22.75,230,15.42,13.72,232,16.54,12.84,430,428.5,80,69.03,43.04,26.77,25.62,428.5,426,81,70.67,43.62,26.19,27.83,347,71,22.08,25.64,351,71,24.22,24.89,243,153,151,48.2,49.44,0.74516129,0.81304601,0.695149374,1.438539741,57.480777,57.11587,61.77244,58.78969567
0,52,3,329,60,50.39,23.29,21.29,336,61,49.5,23.47,22.71,242,16.04,12.32,245,16.5,12.91,443,439,80,70.45,47.41,28.91,28.79,446,439,81,70.56,48.2,27.27,27.31,352,72,24.41,25.85,359,72,25.05,22.5,278,165,167,51.92,51.93,0.732330827,0.799775028,0.72,1.388888889,68.5201545,67.135395,71.92174,69.19242983
0,38,3,319,67,47.87,22.07,21.09,323,68,47.09,21.73,23.39,240.5,16.48,14.09,244.5,16.39,13.06,455,451.5,81,71.79,47.99,26.17,28.47,454.5,451,83,73.33,48.28,25.85,29.41,361.5,78,23.03,31.41,362,78,24.22,26.46,244,151,154,54.65,53.88,0.755451713,0.795492029,0.690140845,1.448979592,69.3342315,67.874265,72.67018,69.95955883
0,49,3,321.5,63,45.33,22.17,20.88,330.5,65,46.35,21.81,23.47,233.5,14.52,12.16,234.5,16.28,12.39,437,434,81,70.98,48.67,29.36,26.03,441.5,437.5,82,71.33,48.38,28.22,27.75,351,76,22.52,29.95,357,75,25.86,27.61,270,160,162,53.6,54.22,0.717791411,0.80591918,0.705956508,1.416517857,70.2963225,68.747475,73.5547,70.86616583
1,28,3,306.5,56.5,41.17,19.44,16.95,314.5,58,41.37,19.89,18.35,220,14.6,10.26,229,15.59,10.62,433,428,77,66.05,40.58,28.57,25.62,433,427,76.5,65.47,40.93,28.34,25.98,357,68,19.82,27.54,353,68,21.91,26.21,294,157,157,45.79,45.46,0.723027375,0.819861432,0.67893401,1.472897196,57.394467,51.350445,55.93234,54.89241733
0,48,3,318,68,51.36,21.6,21.42,322,68,50.47,21.84,22.26,231.5,16,11.91,236.5,16.44,11.54,458,456,91,80.88,53.16,31.38,27.29,458.5,455.5,92,81.75,54.34,29.05,28.08,353.5,83,23.88,28.1,360,83,25.98,26.12,289,173,171,55.83,55.33,0.73125,0.778505183,0.679754601,1.471119134,83.185875,80.44625,85.405,83.012375
0,40,3,328.5,60,49.87,22.73,20.88,326,62.5,48.88,23.6,24,246,17.41,12.93,246,17,12.94,470.5,467,84,73.3,50.35,28.37,28.57,474.5,470.5,84.5,72.57,49.71,28.09,28.47,374,79,24.17,28.13,376,77,25.18,27.52,269,159,157,55.75,55.77,0.751718869,0.793650794,0.67640118,1.47841256,74.009007,72.11717,76.96804,74.364739
0,44,3,325,59.5,50.32,21.05,20.08,326,59,49.13,20.27,20.67,230,14.32,10.79,231,13.43,11.6,407,406,79,68.19,45.97,29.57,25.62,426,425,82,72.06,46.05,29.57,25.49,343,73,21.78,26.42,348,76,21.98,24.05,238,153,154,49.55,49.92,0.708141321,0.829531813,0.729658793,1.370503597,64.092069,63.11639,67.85068,65.019713
0,29,3,319,60,47.18,20.95,21.74,323,60,46.79,21.93,22.05,237.5,17.94,13.3,242,16.75,13.33,425,423,79.5,69.45,45.52,31.14,27.05,422,420,81.5,70.06,45.82,30.31,26.67,350,74,24.91,29.51,351,72,24.56,28.45,265,157,152,51.84,51.34,0.746884735,0.827626919,0.724483204,1.380294249,63.253323,62.35513,67.07956,64.22933767
1,60,3,229.5,59,45.5,19.91,20,334,59,44.53,19.96,19.27,236.5,14.97,10.69,240.5,14.49,10.29,440.5,437,79,69.03,45.27,28.22,24.55,447.5,444,78,66.99,45.81,27.88,28.35,368,70,21.19,25.31,372,70,22.2,22.43,269,156,153,51.35,51.17,0.84649512,0.833333333,0.639127764,1.564632388,67.842036,62.06406,66.78472,65.56360533
1,44,3,326,58,45.04,18.74,18.02,332,61,44.84,18.97,17.97,225,16.65,11.04,227,16.15,10.71,445,440.5,81,70.44,45.75,27.57,24.41,443,438,80.5,71.29,45.32,28.03,24.64,368,75,21.43,25.03,370,73,22.09,24.03,293,169,166,52.29,51.54,0.686930091,0.831081081,0.682656827,1.464864865,67.831119,62.052865,66.77338,65.55245467
0,47,3,281,57,43.94,18.96,19.49,288,59,42.99,19.23,21.49,215,14.42,11.52,215,14.58,12,405,403,79,70.45,46.01,25.31,27.38,403.5,402,81,71.04,46.54,25.98,26.8,340.5,76,22.82,28.56,339,78.5,25.99,26.61,261,146,149,50.93,50.4,0.755711775,0.840445269,0.671370968,1.489489489,64.7457975,63.709725,68.4517,65.63574083
0,53,4,329,65,47.76,19.78,19.3,330.5,65,47.17,19.7,20.01,238,14.8,10.92,237,14.05,11.73,458.5,451.5,85,73.96,47.5,26.05,26.42,446,439,85,73.97,47.64,26.67,26.49,379,75,22.09,27.23,374,75,22.44,25.27,271,158,157,52.37,51.22,0.720242608,0.832504146,0.684464555,1.460996033,67.940433,66.60923,71.38876,68.646141
0,48,4,333,64,43.78,19.74,21.98,337,63,44.48,18.22,22.53,249,15.25,12.41,250,14.01,12.63,474,473,82,71.24,47.24,27.09,28.71,478,475.5,81,70.89,47.03,27.4,29.71,398,75,23.88,28.25,401,72,24.9,27.86,257,159,158,52.68,51.96,0.744776119,0.839285714,0.667618504,1.49786142,66.8673315,65.635265,70.40218,67.6349255
0,40,4,332,59.5,49.93,20.95,20.18,331.5,61,49.95,21.46,21.52,236,14.62,11.92,237,14.73,11.55,450,445,87,76.62,48.59,25.62,27.74,453,446,86,74.68,49.05,26.79,28.74,365.5,79,21.3,27.15,367,79,23.77,26.96,272.5,163,165,53.78,53.94,0.712886209,0.811184939,0.694894528,1.439067312,71.024058,69.40798,74.22376,71.55193267
0,36,4,321,59,43.8,20.41,22.65,317,61,44.88,21.32,24.41,237.5,14.6,13.89,239,14.93,14.22,426,422,75,64.19,47.45,27.42,29.47,427,421.5,76.5,66.97,47.32,27.21,29.07,362,70,23.07,28.06,369,69,24.85,27.62,246,153,152,52.93,52.07,0.746865204,0.856975381,0.703598485,1.421265141,67.4840565,66.195015,70.96918,68.21608383
0,50,4,326,64,47.39,22.11,20.65,328,64.5,47.93,21.69,21.89,252,16.42,11.59,249,16.18,11.76,458,453,84,72.26,47.87,28.43,26.99,456,451.5,85,72.85,48.27,28.36,27.86,367,75,22.73,26.63,367,76.5,24.55,25.91,267,156,159,53.12,51.69,0.766055046,0.803063457,0.700849515,1.426839827,69.173883,67.72873,72.52276,69.80845767
0,60,4,293,57.5,41.32,21.11,20.76,301,60,41.45,18.13,21.52,225.5,15.1,11.9,226,15.55,11.41,416,415,75,66.24,44.93,29.71,24.82,411,410,74,66.45,43.9,29.91,26.13,334,68,20.48,25.37,335,70,20.55,24.66,276,145,146,50.41,49.55,0.76010101,0.808948005,0.698863636,1.430894309,60.1573635,59.545185,64.23322,61.31192283
0,47,4,290.5,61,42.33,18.74,20.18,293,61.5,42.41,19.12,21.18,223,14.55,10.99,224,14.7,11.14,402,400,74,63.55,42.95,25.48,25.05,400,397,74,63.82,43.25,25.66,24.8,328,66,19.04,24.07,325,67,20.5,22.54,231.5,152,153,47.86,47.4,0.766066838,0.814214464,0.708247423,1.411935953,56.91339,56.6009,61.2508,58.25503
1,47,4,298,51,41.35,17.58,17.94,300,51.5,40.68,17.38,18.4,214,12.53,9.59,216,11.34,9.76,432,429,71.5,61.73,41.69,24.58,24.56,431.5,428,72,63,42.19,26.21,24.86,353,66,19.09,24.02,350,68,20.25,23.01,287,163,161,48.61,47.42,0.719063545,0.814128547,0.656240026,1.523832685,59.981796,54.00366,58.61992,57.53512533
0,65,4,282,62,47.97,21.17,22.17,287,63,48.53,21.41,23.17,212,14.79,12.62,218,14.28,12.73,401.5,399,82,71.43,49.55,28.25,28.57,400,399,85,76.04,51.06,29.05,29.05,327,75,23,26.78,328,75,25.79,27.66,280,158,156,55.96,56.63,0.755711775,0.817217717,0.685890834,1.457957958,74.6874045,72.732895,77.59174,75.00401317
0,45,4,290,68,44.65,22.73,24.26,298.5,68.5,44.95,23.36,25.02,240.5,17.69,13.76,239.5,17.82,13.97,428,427,82.5,71.08,47.73,31.77,28.09,419,418,84,72.32,47.83,32.39,29.8,355,78,23.58,32.75,356,79,25.12,29.54,263,157,158,52.65,51.93,0.815632965,0.839433294,0.685815148,1.458118858,68.458482,67.07942,71.86504,69.134314
0,45,4,285.5,60,44,19.91,19.05,286,63,45.19,22.81,20.6,224.5,15.67,11.19,227.5,15.01,11.88,408,407,84,71.31,45.08,25.49,26.48,409,408,84,72.23,44.99,24.55,26.64,323,73,21.16,25.21,325,74,22.56,23.7,239,145,146,48.8,49.43,0.790901137,0.793145655,0.698634812,1.43136297,61.6868415,60.933365,65.63938,62.7531955
0,40,4,293,57,42.45,19.91,20.57,297,58,42.45,19.98,21.57,215,16.67,11.69,216.5,16.54,11.62,397.5,394,75,63.73,42.53,25.99,25.04,397,392,74,63.46,43.16,24.53,25.06,310,69,20.52,24.72,308,67,21.98,23.67,237,141,139,49.16,49.19,0.731355932,0.777847703,0.723185841,1.382770436,56.2843305,56.029955,60.67246,57.6622485
0,46,4,318,65.5,43.78,19.37,23.98,323,67,42.67,19.39,23.62,246,15.12,13.21,245,15.88,13.63,432,430.5,82,71.92,45.07,32.23,32.48,427,426,81.5,71.95,44.95,32.54,32.37,368,72,27.62,29.32,370,74,27.58,29.04,272,147,150,50.42,49.66,0.76599064,0.859138533,0.708829054,1.410777385,61.625169,60.87739,65.58268,62.69507967
0,50,4,331,64,45.93,22.76,20.13,327.5,62.5,45.19,23.3,21.94,237,14.3,12.96,241.5,14.14,12.66,455.5,454,81.5,70.18,45.96,27.75,27.77,447.5,446,81,70.77,46.52,29.08,26.7,367,77,22.27,30.41,363,77,23.91,29.95,267,156,157,51.32,52.85,0.726651481,0.80841639,0.696264544,1.436235708,64.659456,63.63136,68.37232,65.55437867
0,45,4,296.5,57,42.66,18.03,18.86,294.5,57,41.43,18.68,19.32,222,13.28,10.24,221,14.49,10.45,415,414,74,64.62,42.37,25.39,27.27,415,413,76,66.2,43.15,26.17,26.56,346,73,22.76,25.5,345,74.5,24.09,23.65,281,156,154,47.06,47.75,0.749576988,0.83253012,0.679815911,1.47098646,56.074644,55.83964,60.47968,57.46465467
